{
  "description": "Make a HTTP POST request",
  "links": {
    "input": [
      {
        "name": "In",
        "type": "message",
        "mandatory": true
      }
    ],
    "output": [
      {
        "name": "Out",
        "type": "message"
      }
    ]
  },
  "refs": {
    "input": [
      {
        "name": "Auth Token",
        "type": "authtoken"
      }
    ]
  },
  "properties": [
    {
      "name": "url",
      "label": "URL",
      "description": "Provide the URL to send the HTTP POST request.",
      "type": "string",
      "mandatory": true
    },
    {
      "name": "body",
      "label": "Request Body",
      "description": "Provide the request BODY to send. Optionally, leave this field blank to send the incoming Text Message's body.",
      "type": "json",
      "mandatory": false
    }
  ]
}