{
  "description": "Make a HTTP GET request to a FlowDirector endpoint.",
  "links": {
    "input": [
      {
        "name": "In",
        "type": "message",
        "mandatory": true
      }
    ],
    "output": [
      {
        "name": "Out",
        "type": "message"
      }
    ]
  },
  "refs": {
    "input": [
      {
        "name": "Auth Token",
        "type": "token"
      }
    ]
  },
  "properties": [
    {
      "name": "url",
      "label": "URL",
      "description": "provide the URL to send the HTTP GET request.",
      "type": "string",
      "mandatory": true
    }
  ]
}