{
  "description": "Attempts to retrieve a valid auth token for the provided user credentials.",
  "refs": {
    "output": [
      {
        "name": "Auth Token",
        "type": "token"
      }
    ]
  },
  "properties": [
    {
      "name": "server_url",
      "label": "Server URL",
      "description": "Provide the Server URL to make requests to. For example: http://localhost:8080",
      "type": "string",
      "mandatory": true
    },
    {
      "name": "app",
      "label": "App Name",
      "description": "Provide the App that the user is trying to authenticate with.",
      "type": "string",
      "mandatory": true
    },
    {
      "name": "username",
      "label": "Username",
      "description": "Provide the Username.",
      "type": "string",
      "mandatory": true
    },
    {
      "name": "password",
      "label": "Password",
      "description": "Provide the Password.",
      "type": "string",
      "mandatory": true
    }
  ]
}